Städte;Die Hauptstadt welches Landes ist Bagdad?;;Irak;;Iran;;Ägypten;;Albanien;;;;
Städte;Die Hauptstadt welches Landes ist Kopenhagen?;;Dänemark;;Schweden;;Finnland;;Norwegen;;;;
Städte;Die Hauptstadt welches Landes ist Canberra?;;Australien;;Honduras;;Neu-Guinea;;Nicaragua;;;;
Städte;Die Hauptstadt welches Landes ist Ottawa?;;Kanada;;Kolumbien;;Venezuela;;Costa Rica;;;;
Städte;Wie heißt die Hauptstadt von Liechtenstein?;;Vaduz;;Caracas;;Helsinki;;Halifax;;;;
Städte;Wie heißt die Hauptstadt von Polen?;;Warschau;;Lodsch;;Posen;;Tirana;;;;
Städte;Wie heißt die Hauptstadt von Argentinien?;;Buenos Aires;;Rio de Janeiro;;Veracruz;;Santiago;;;;
Städte;Wo liegt Bombay?;;in Indien;;in Indonesien;;in Tibet;;in China;;;;
Städte;Wo liegt Verona?;;in Italien;;in der Schweiz;;in Spanien;;in Chile;;;;
Städte;Wo liegt Bayreuth?;;in Deutschland;;in der Schweiz;;in Österreich;;in den Niederlanden;;;;
Städte;Wo liegt Biarritz?;;in Frankreich;;in Italien;;in der Schweiz;;in Belgien;;;;
Städte;Wo liegt Lüttich?;;in Belgien;;in den Niederlanden;;in Schweden;;in Deutschland;;;;
Städte;Wo liegt Madras?;;in Indien;;in Monaco;;in Portugal;;in China;;;;
Städte;Wo liegt Odense?;;in Dänemark;;in Schweden;;in Finnland;;in Norwegen;;;;
Städte;Wo liegt Adana?;;in der Türkei;;in Libyen;;in Iran;;im Irak;;;;
Städte;Wo liegt Sao Paulo?;;in Brasilien;;in Chile;;in Argentinien;;in Venezuela;;;;
Städte;An welchem Meer liegt Helsinki?;;am Finnischen Meerbusen;;an der Nordsee;;am Bottnischen Meerbusen;;am Skagerrak;;;;
Städte;An welchem Meer liegt Valparaiso?;;am Stillen Ozean;;am Atlantischen Ozean;;am Golf von Mexiko;;an der Floridastraße;;;;
Städte;An welchem Meer liegt Kristiansand?;;am Skagerrak;;am Sund;;an der Nordsee;;am Atlantischen Ozean;;;;
Städte;An welchem Meer liegt Palma de Mallorca?;;am Mittelmeer;;am Atlantischen Ozean;;an der Adria;;am Schwarzen Meer;;;;
Städte;An welchem Meer liegt Porto?;;am Atlantischen Ozean;;am Stillen Ozean;;am Mittelmeer;;am Roten Meer;;;;
Städte;An welchem Fluß liegt Genf?;;an der Rhone;;an der Garonne;;am Ebro;;an der Donau;;;;
Städte;An welchem Fluß liegt Bordeaux?;;an der Garonne;;an der Rhone;;an der Seine;;an der Loire;;;;
Städte;An welchem Fluß liegt Limerick?;;am Shannon;;an der Themse;;am Dnjestr;;an der Pruth;;;;
Städte;An welchem Fluß liegt Zagreb?;;an der Save;;an der Donau;;an der Drau;;an der Narew;;;;
Städte;An welchem Fluß liegt New York?;;am Hudson;;am Ohio;;am Yukon;;am St.-Lorenz-Strom;;;;
Berühmte Personen;Wo wurde der dt. Maler Albrecht Dürer geboren?;;in Nürnberg;;in Frankfurt/Main;;in Leipzig;;in Genua;;;;
Berühmte Personen;Wo starb der dt. Bildhauer Veit Stoß?;;in Nürnberg;;in München;;in Bonn;;in Ulm;;;;
Berühmte Personen;Wo wurde der dt. Komponist Richard Wagner geboren?;;in Leipzig;;in Wien;;in Eisleben;;in Königsberg;;;;
Berühmte Personen;Wo wurde Friedrich von Schiller geboren?;;in Marbach am Neckar;;in Frankfurt/Main;;in Nürnberg;;in Leipzig;;;;
Berühmte Personen;Wo wurde der Komponist Johann Sebastian Bach geboren?;;in Eisenach/Thüringen;;in Weimar;;in Leipzig;;in Dresden;;;;
Berühmte Personen;Wo starb der tschech. Komponist Anton Dvorák?;;in Prag;;in Warschau;;in Pilsen;;in Karlsbad;;;;
Berühmte Personen;Wo starb der österr. Komponist Franz Schubert?;;in Wien;;in Salzburg;;in Frankfurt/Oder;;in Brüssel;;;;
Berühmte Personen;Wo starb der österr. Komponist Anton Bruckner?;;in Wien;;in Salzburg;;in Klagenfurt;;in Basel;;;;
Berühmte Personen;Wo starb Sigmund Freud?;;in London;;in Paris;;in New York;;in Oslo;;;;
Berühmte Personen;Wo starb der dt. Dichter Georg Büchner?;;in Zürich;;in Bern;;in Genf;;in Basel;;;;
Berühmte Personen;Wann wurde der dt. Philosoph Immanuel Kant geboren?;;1724;;1858;;1689;;1804;;;;
Berühmte Personen;Wann wurde Annette von Droste-Hülshoff geboren?;;1797;;1848;;1735;;1832;;;;
Berühmte Personen;Wann wurde der Maler Michelangelo geboren?;;1475;;1564;;1675;;1764;;;;
Berühmte Personen;Wann wurde der Schriftsteller;George Bernard Shaw geboren?;1856;;1903;;1950;;1803;;;;
Berühmte Personen;Wann wurde der Chemiker Justus von Liebig geboren?;;1803;;1873;;1903;;1773;;;;
Berühmte Personen;Wann starb der Tiroler Freiheitsheld Andreas Hofer?;;1810;;1890;;1927;;1756;;;;
Berühmte Personen;Wann starb der ital. Komponist Pietro Mascagni?;;1945;;1863;;1845;;1963;;;;
Berühmte Personen;Wann starb der ital. Opernkomponist Guiseppe Verdi?;;1901;;1813;;1801;;1913;;;;
Berühmte Personen;Wann starb der Italiener Leonardo da Vinci?;;1519;;1452;;1352;;1619;;;;
Berühmte Personen;Wann starb der dt. Komponist Richard Strauss?;;1949;;1864;;1849;;1764;;;;
Berühmte Personen;Wann starb der dt. Staatsmann u. Philosoph Wilhelm;Freiherr von Humboldt?;1835;;1767;;1735;;1867;;;;
Berühmte Personen;Wann starb der österr. Operettenkomponist Oscar Straus?;;1954;;1870;;1854;;1970;;;;
Berühmte Personen;Wann starb der frz. Physiker Pierre Curie?;;1906;;1859;;1806;;1759;;;;
Berühmte Personen;Wann starb der dt. Schauspieler u. Regisseur Heinrich;George?;1946;;1839;;1846;;1939;;;;
Berühmte Personen;Wann starb der ungar. Operettenkomponist Emmerich;Kalman?;1953;;1882;;1853;;1932;;;;
Berühmte Personen;Wann starb der österr. Dichter Franz Kafka?;;1924;;1883;;1783;;1824;;;;
Berühmte Personen;Wann starb der dt. Dichter Friedrich Christian Hebbel?;;1863;;1813;;1763;;1913;;;;
Berühmte Personen;Wann starb der dt. Physiker u. Glasbläser Gabriel;Daniel Fahrenheit?;1736;;1686;;1936;;1786;;;;
Sport;Wer ist der teuerste Profi-Fußballer? (Stand 2000);;Luis Figo;;David Beckham;;Emerson;;Raul;;;;
Musik;Wer landete 1974 mit dem Lied;"Über den Wolken" einen Hit?;Reinhard Mey;;Johnny Hill;;Rex Gildo;;Heintje;;;;
Sport;Für welchen Rennstall fuhr Nick Heidfeld 2000?;;Prost;;Sauber;;McLaren;;Benetton;;;;
Tiere und Pflanzen;Welches dieser vier Tiere ist kein Säugetier?;;Grottenolm;;Delfin;;Wal;;Warzenschwein;;;;
Musik;Wessen Werk ist im Köchelverzeichnis aufgeführt?;;Wolfgang Amadeus Mozart;;Johann Sebastian Bach;;Franz Schubert;;Ludwig van Beethoven;;;;
Allgemeinwissen;Was ist der Giro d`Italia?;;ein Radrennen;;ein Konto bei der Banca d`Italia;;ein italienisches Nationalgericht;;ein Goldkettchen;;;;
Film / Funk und Fernsehen;Welche(r) der folgenden Moderator(inn)en;stammt nicht aus Holland?;Enie van de Meiklokjes;;Rudi Carrell;;Linda de Mol;;Lou van Burg;;;;
Schlagzeilen / Presse;Welcher Schriftsteller wurde 1938 auf den Champs-;Elysees von einem herabfallenden Ast erschlagen?;Ödön von Horvath;;Jakob Wassermann;;Joseph Roth;;Georg Trakl;;;;
Allgemeinwissen;In welchem Jahr wurde die D-Mark eingeführt?;;1948;;1945;;1949;;1950;;;;
Essen und Trinken;Aus welcher Pflanze wird der Tequila hergestellt?;;Agave;;Passionsblume;;Kaktus;;Kawapfeffer;;;;
Allgemeinwissen;Was ist ein Harzer Roller?;;Kanarienvogel;;Vespa-Sondermodell;;Jodeltechnik;;Bodenturnübung;;;;
Schlagzeilen / Presse;Welche Inselgruppe im Südpazifik startete am 1.1. um;12 Uhr mittags MEZ als Letzte ins Jahr 2000?;Samoa;;Hawaii;;Tonga;;Fidschi;;;;
Allgemeinwissen;Was ist eine Krause Glucke?;;Pilz;;Kopfbedeckung;;Salatpflanze;;Hautkrankheit;;;;
Geschichte und Politik;In welchem Land liegt Wilhelm Voigt, der;"Hauptmann von Köpenick" begraben?;Luxemburg;;Deutschland;;Polen;;Österreich;;;;
Religion und Philosophie;Welche Tiere werden in der Bibel am häufigsten;erwähnt?;Schafe;;Löwen;;Rinder;;Ziegen;;;;
Völkerkunde;Welches Land hat eine Nationalhymne,;die insgesamt 158 Strophen lang ist?;Griechenland;;Niederlande;;Indien;;Brasilien;;;;
Schlagzeilen / Presse;Welche Schöpfung Loriots brachte es zu einem Eintrag in;Pschyrembels Klinischem Wörterbuch?;Steinlaus;;Kosakenzipfel;;Familie Hoppenstedt;;Kalbshaxe Florida;;;;
Literatur;Welcher dieser Schriftsteller war kein Arzt?;;Franz Werfel;;Gottfried Benn;;Arthur Schnitzler;;Alfred Döblin;;;;
Auto und Verkehr;Wo wurde 1868 die erste Verkehrsampel in Betrieb;genommen?;London;;New York;;Kalkutta;;Sydney;;;;
Allgemeinwissen;Warum ist die Banane krumm?;;Weil die kleinen Bananen zur Sonne wachsen;;Weil die Schwerkraft sie nach unten zieht;;Weil sie sich nach der Ernte zusammenziehen;;Weil sie in Bündeln wachsen;;;;
Allgemeinwissen;Wieviele Meter hat eine Seemeile insgesamt?;;1852 Meter;;750 Meter;;1500 Meter;;2400 Meter;;;;
Geografie / Erdkunde;Welches ist die größte ostfriesische Insel?;;Borkum;;Baltrum;;Borken;;Korken;;;;
Film / Funk und Fernsehen;In welchem Jahr wurden die ZDF-Nachrichten;"HEUTE" zum ersten Mal ausgestrahlt?;1963;;1951;;1959;;1972;;;;
Auto und Verkehr;Unter welchem tierischen Namen ist der Citroen 2CV;bekannt?;Ente;;Käfer;;Jaguar;;Kröte;;;;
Tiere und Pflanzen;Zu welcher Tierfamilie gehört das Okapi?;;Giraffen;;Pferde;;Kängurus;;Kröten;;;;
Tiere und Pflanzen;Wie orientieren sich Fledermäuse ?;;durch Ultraschallsignale;;durch Ihren Geruchssinn;;durch Ihr Gehör;;durch Ihre Flügel;;;;
Naturwissenschaft;In welchem Monat ist die Entfernung zwischen der Sonne;und der Erde am kürzesten ?;im Januar;;im März;;im Juli;;ist immer gleich;;;;
Spiel / Freizeit / Hobby;Wieviele Felder hat ein Schachbrett ?;;64;;56;;60;;66;;;;
Kultur und Kunst;Wo befindet sich der Louvre ?;;in Paris;;in Berlin;;in Mailand;;in Moskau;;;;
Astronomie (Sternkunde) und Weltraum;Wie lange dauern im Space Shuttle Tag und Nacht?;;ungefähr 45 Minuten;;12 Stunden;;ungefähr 2 Stunden;;24 Stunden;;;;
Spiel / Freizeit / Hobby;Wie alt sind die ältesten erhaltenen Münzen ?;;7. Jahrhundert v. Chr.;;14. Jahrhundert v. Chr.;;1. Jahrhundert n. Chr.;;3. Jahrhundert n. Chr.;;;;
Naturwissenschaft;Welches Mineral kommt auf der Erde am häufigsten vor ?;;Quarz;;Eisenerz;;Öl;;Edelsteine;;;;
Allgemeinwissen;Wie heißt das amerikanische Längenmaß von 91,4 cm?;;Yard;;Mile;;Inch;;Zoll;;;;
Allgemeinwissen;Welche Normgröße ist 210 x 297 mm groß?;;DIN A4;;DIN A3;;DIN A2;;DIN A5;;;;
Allgemeinwissen;In welchem Jahrhundert tauchte in Deutschland;zum ersten Mal das Papier auf?;im 14. Jahrhundert;;im  8. Jahrhundert;;im 12. Jahrhundert;;im 16. Jahrhundert;;;;
Film / Funk und Fernsehen;In welchem Stück der "Augsburger Puppenkiste";taucht ein Doktor Zwengelmann auf?;Urmel auf dem Eis;;Katze mit Hut;;Zwerg Nase;;Frau Holle;;;;
Wissenschaft und Technik;Welche Entfernung legt das Licht im Vakuum in der Zeit;von 1/299792458 Sekunden zurück?;1 Meter;;1 Millimeter;;1 Zentimeter;;1 Kilometer;;;;
Geografie / Erdkunde;Auf welcher griechischen Insel begannen 1900 die;Ausgrabungen der minoischen Stadt Knossos?;Kreta;;Rhodos;;Samos;;Naxos;;;;
Geschichte und Politik;In welchem europäischen Land wurden 1910 zur Arbeitsver;mittlung die ersten staatl. Arbeitsämter eingerichtet?;in Großbritannien;;in Schweden;;in der Schweiz;;in Deutschland;;;;
Völkerkunde;Welches ist die Amtsprache von Suriname in Südamerika ?;;holländisch;;englisch;;französisch;;deutsch;;;;
Geografie / Erdkunde;Auf welcher Insel liegt Knossos ?;;auf Kreta;;auf Zypern;;auf Rhodos;;auf Malta;;;;
Natur und Umwelt;Wie heißt der Wind, der von den Alpen nach Süd-West-;Frankreich weht ?;Mistral;;Föhn;;Scirocco;;Bora;;;;
Geografie / Erdkunde;An welchem Meer liegt Triest ?;;an der Adria;;am Mittelmeer;;an der Nordsee;;am Schwarzen Meer;;;;
Geografie / Erdkunde;Wie heißt die größte Insel des Mittelmeers ?;;Sizilien;;Kreta;;Rhodos;;Elba;;;;
Geografie / Erdkunde;Wo befindet sich die "Blaue Grotte" ?;;auf Capri;;in Venedig;;auf Lanzarote;;auf Mallorca;;;;
Städte;Wie heißt die Hauptstadt von Wyoming ?;;Cheyenne;;Santa Fee;;Fort Lauderdale;;Los Angeles;;;;
Völkerkunde;Wie heißt die älteste Universität in Amerika ?;;Harvard;;Boston;;Kingston;;Essex;;;;
Geografie / Erdkunde;Wo liegt der Böhmerwald ?;;in Tschechien;;in Bulgarien;;in Deutschland;;in Österreich;;;;
Musik;Für einen österr. Komponisten und Dirigenten begann;1908 in New York eine neue Karriere. Wie hieß er?;Gustav Mahler;;Richard Strauss;;Arnold Schönberg;;Johann Strauß;;;;
Völkerkunde;Was brachte der Engländer Sir Walter Raleigh nach;Europa ?;die Kartoffel;;den Krieg;;das Schießpulver;;Tee;;;;
Völkerkunde;Wie nannten die Ägypter Ihre Könige ?;;Pharaonen;;Hohepriester;;Cheyopse;;Ramses;;;;
Geschichte und Politik;Wer war Nachfolger des römischen Kaisers Claudius ?;;Nero;;Mark Aurel;;Markus;;Cäsar;;;;
Völkerkunde;Welche Universität ließ als erste Frauen zu ?;;Zürich;;Oxford;;Cambridge;;Harvard;;;;
Literatur;Welcher 1902 in Paris verstorbene Schriftsteller wurde;mit dem Romanzyklus "Les Rougon-Macquart" weltbekannt?;Emile Zola;;Victor Hugo;;Honore de Balzac;;Henrik Ibsen;;;;
Astronomie (Sternkunde) und Weltraum;Wer wurde der erste Autofahrer auf dem Mond ?;;David Scott;;Juri Gagarin;;Neil Armstrong;;John H. Glenn;;;;
Geschichte und Politik;Wo liegt der politische Philosoph Karl Marx begraben ?;;in London;;in Leningrad;;in Rostock;;in Paris;;;;
Geschichte und Politik;Welche Pflicht wurde 1717 in Preußen eingeführt ?;;die Schulpflicht;;die Wehrpflicht;;die Steuerpflicht;;die Meldepflicht;;;;
Geschichte und Politik;Wie lange war Ludwig der XIV.;König von Frankreich?;72 Jahre;;2 Stunden;;11 Monate;;34 Jahre;;;;
Geschichte und Politik;Wieviele Staaten vereinten sich in der UNO ?;;50 Staaten;;16 Staaten;;34 Staaten;;28 Staaten;;;;
Sport;In welchem Schwimm-Stil wird bei der Olympiade;die größte Entfernung zurückgelegt?;im Kraulen;;im Butterfly;;im Brustschwimmen;;im Rückenschwimmen;;;;
Sport;Aus welchem Land stammt das Fußballspiel ?;;aus England;;aus Frankreich;;aus Deutschland;;aus Amerika;;;;
Sport;Was versteht man beim Fußball unter einem Strafstoß?;;einen Elfmeter;;einen direkten Freistoß;;einen Anstoß von der Mittellinie;;einen indirekten Freistoß;;;;
Sport;Wieviele Sätze werden im Badminton-Spiel gespielt ?;;drei Sätze;;vier Sätze;;fünf Sätze;;zwei Sätze;;;;
Sport;Wieviele Spielbahnen umfaßt ein Minigolfplatz;in der Regel ?;18 Bahnen;; 6 Bahnen;;12 Bahnen;;24 Bahnen;;;;
Sport;Wieviel Hürden müssen beim 110-m-Hürdenlauf;der Männer genommen werden ?;10;;15;;12;;8;;;;
Sport;Wie lange darf ein Torwart beim Eishockey;den Puck in der Hand haben ?;3 Sekunden;;5 Sekunden;;10 Sekunden;;bis zur 1. Verwarnung;;;;
Kultur und Kunst;Was ist eine Silhouette ?;;ein Schattenriß;;eine Fotokopie;;ein Negativ;;ein Scherenschnitt;;;;
Literatur;Wer schrieb die "Odyssee" ?;;Homer;;Fontane;;Aesop;;Olymp;;;;
Fremdwörter;Was versteht man unter Nänie ?;;einen Trauergesang;;ein Klagelied;;einen religiöser Gesang;;einen Teil einer Oper;;;;
Literatur;Wer schrieb "Im Wendekreis des Krebses" ?;;Henry Miller;;Heinrich Böll;;John McIntry;;Robert Murphy;;;;
Fremdwörter;Was bedeutete das Wort "Codex" ursprünglich ?;;Holzklotz;;Ehre;;Geheimwort;;Versprechen;;;;
Kultur und Kunst;In welcher deutschen Stadt findet;jedes Jahr die Buchmesse statt?;Frankfurt/Main;;Leipzig;;in Hannover;;in Berlin;;;;
Geschichte und Politik;1931 verzichtete König Alfons XIII. auf seine Regie-;rungsgewalt. Das Land wurde zur Republik. Welches?;Spanien;;Italien;;Griechenland;;Norwegen;;;;
Musik;Wer komponierte "Eine kleine Nachtmusik"?;;Mozart Wolfgang Amadeus;;Hayden (Franz) Joseph;;Beethoven Ludwig van;;Wagner Richard;;;;
Naturwissenschaft;Wieviel Prozent Wasser enthält unverdünnte Milch?;;etwa 90 %;;etwa 10 %;;etwa 25 %;;etwa 50 %;;;;
Naturwissenschaft;Was ist das leichteste chemische Element ?;;Wasserstoff;;Kohlenstoff;;Sauerstoff;;Helium;;;;
Auto und Verkehr;Wie wird die Größe eines Schiffes angegeben?;;in Bruttoregistertonnen;;in Festmetern;;in Kubikmeter;;in Metern Tiefgang;;;;
Auto und Verkehr;Was ist der offizielle Name des "Jumbo-Jets"?;;Boeing 747;;Jumbo-Jet;;Air-Bus;;Lufthansa;;;;
Medizin;Was ist die chinesische Antwort auf Narkose?;;Akupunktur;;Harakiri;;Yoga;;Ying und Yang;;;;
Fremdwörter;Was ist ein "Nonius" ?;;ein sehr genaues Meßinstrument;;ein versteinertes Lebewesen;;dipl. Vertreter des Papstes;;ein Laborgehilfe;;;;
Natur und Umwelt;Wieviel Flüssigkeit trinkt ein Mensch in 50 Jahren ?;;ca. 35.000 Liter;;ca. 10.000 Liter;;ca. 20.000 Liter;;ca. 25.000 Liter;;;;
Allgemeinwissen;Erreicht die Stimme eines Radiosprechers;die Zuhörer zeitlich verzögert?;nein;;ja, etwas verzögert;;ja, erheblich verzögert;;ja, kommt auf die Entfernung an;;;;
Medizin;Wie oft schlägt das Herz eines gesunden;Erwachsenen pro Stunde?;ca. 4.500 mal;;ca. 2.500 mal;;ca. 10.500 mal;;ca. 6.500 mal;;;;
Naturwissenschaft;Wieviel größer ist der Umfang der Sonne;als der der Erde?;etwa 109 mal größer;;etwa 5 mal größer;;etwa 53 mal größer;;etwa 125 mal größer;;;;
Naturwissenschaft;Ab wieviel Grad Minus gefriert Quecksilber;im Thermometer?;ca. ab Minus 38,4 °C;;ca. ab Minus 100 °C;;ca. ab Minus 89,2 °C;;gefriert überhaupt nicht;;;;
Computertechnik und Internet;Was ist ein "Warmstart"?;;Neustart ohne auszuschalten;;weiß nicht;;Inbetriebnahme eines Rechners unter trop. Bedingung;;Starten des PC`s nach einer gewissen Warmlauf-Phase;;;;
Wirtschaft;In welcher deutschen Stadt fand 1947 erstmals eine;Exportmesse statt?;in Hannover;;in Berlin;;in Düsseldorf;;in Leipzig;;;;
Allgemeinwissen;Wie wird die als Flaniermeile berühmte Strandpromenade;von Cannes genannt?;Croisette;;Croissant;;Croquette;;Corvette;;;;
Allgemeinwissen;Was ist eine Klampfe?;;Gitarre;;Zahnspange;;streitsüchtige Frau;;platter Reifen;;;;
Sport;Welche Stadt bewarb sich erfolglos;für die olympischen Spiele 2000?;Berlin;;Kiel;;München;;Leipzig;;;;
Literatur;Von wem stammt der "Ruf der Wildnis"?;;Jack London;;Sinclair Levis;;Knut Hamsun;;Maxim Gorki;;;;
Bauwerke und Baustile;In welcher Stadt befindet sich das berühmte;Rockefeller-Center?;New York;;Washington DC;;Orlando;;San Francisco;;;;
Musik;Wer stürmte 1979 mit "Another Brick in der Wall Part 2";die Charts?;Pink Floyd;;Supertramp;;Genesis;;Queen;;;;
Film / Funk und Fernsehen;Für welchen Klassiker des ZDF-Programmes kam;Ende 2000 nach über 30 Jahren das "Aus"?;Hitparade;;Der Alte;;Mona Lisa;;Wetten daß?;;;;
Berühmte Personen;Goethes letzte Worte lauteten angeblich ...?;;mehr Licht;;mehr Leute;;mehr Lachs;;mehr Limo;;;;
Kultur und Kunst;Wie heißt der Turm einer Moschee, von dem aus;islamische Gläubige zum Gebet aufgerufen werden?;Minarett;;Kabarett;;Muezim;;Lazarett;;;;
Film / Funk und Fernsehen;Liz Taylor ist die Hauptdarstellerin des Film-;klassikers "Die Katze auf dem heißen ..."?;Blechdach;;Ofen;;Grill;;Stuhl;;;;
Fremdwörter;Welcher Begriff steht für die Vielehe?;;Polygamie;;Polymerisat;;Polysaccarid;;Polystyrol;;;;
Film / Funk und Fernsehen;Wer trug in der Serie "Baywatch" selten mehr;als einen roten Badeanzug?;Pamela Anderson;;Sabrina Sedlur;;Franziska van Almsick;;Barbara Geddes;;;;
Essen und Trinken;Aus welchem Land stamm der Rioja-Rotwein?;;Spanien;;Chile;;Frankreich;;Italien;;;;
Musik;Wie heißt die Kammerjungfer in der Oper;"Figaros Hochzeit"?;Susanne;;Luisa;;Escamilla;;Anita;;;;
Pseudonyme und Künstlernamen;Welchen Künstlernamen hatte Greta Gustafsson?;;Greta Garbo;;Grete Weiser;;Caroline Reiber;;Hildegard Knef;;;;
Städte;An welchem Fluß liegt Washington?;;Potomac;;Washington;;Hudson;;Rio Grande;;;;
Geschichte und Politik;Welche Staatsform hat Guinea?;;Republik;;Monarchie;;Fürstentum;;Diktatur;;;;
Geschichte und Politik;Welche Staatsform hat Burundi?;;Republik;;Königreich;;Diktatur;;Fürstentum;;;;
Literatur;Wie heißt der Meisterdetektiv in den;Kinderbüchern von Astrid Lindgren?;Kalle Blomquist;;Emil;;Sherlock Holmes;;Nils Holgerson;;;;
Wissenschaft und Technik;Aus wievielen Bits besteht ein Kilobyte?;;1024;;8;;1000;;64;;;;
Tiere und Pflanzen;Wieviele Krallen hat eine Hauskatze?;;18;;6;;12;;20;;;;
Auto und Verkehr;Wieviele Reifen besitzt der Jumbo-Jet?;;18;;2;;12;;24;;;;
Naturwissenschaft;Wer erhielt 1901 als erster den Nobelpreis für;Physik?;Wilhelm Conrad Röntgen;;Alfred Nobel;;Albert Einstein;;Wernher von Braun;;;;
Kultur und Kunst;Wer verfasste 1600/01 das Schauspiel "Hamlet"?;;William Shakespeare;;Jean Paul Sartre;;George Bernhard Shaw;;Ernest Hemingway;;;;
Geografie / Erdkunde;Was ist eine Klamm?;;schmale, tief eingeschnittene Felsschlucht;;Steilabfall an der Küste;;gefährlicher Felsen, knapp unter der Wasserfläche;;vom Festland getrennte Halbinsel;;;;
Allgemeinwissen;Was versteht man unter "Ukulele"?;;viersaitige hawaiische Kleingitarre;;Neuseeländischer Papageienvogel;;oberster Medizinmann der Mobutus in Zentralafrika;;berühmte Skulptur im Guggenheim-Museum;;;;
Geschichte und Politik;Wann wurde Henry Kissinger Außenminister der USA?;;am 22. Sept. 1973;;am 11. Mai 1969;;am 22. Sept. 1965;;am 11. Mai 1978;;;;
Geschichte und Politik;In welcher Stadt wurden die französischen Könige;gekrönt?;in Reims;;in Paris;;in Versailles;;in Lausanne;;;;
Berühmte Personen;Wann wurde Kemal Atatürk geboren?;;1881;;1938;;1771;;1838;;;;
Allgemeinwissen;Welche Normmaße wurden am 1.10.2000 von 38 mm;Durchmesser und 2,5 g Gewicht zu 40 mm und 2,7 g?;Tischtennisball;;5-Mark-Stück;;Mozartkugel;;Roulette-Jeton;;;;
Astronomie (Sternkunde) und Weltraum;Wie lange dauerte für Neil Armstrong & Co. 1969 die;erste Reise auf den Mond und zurück?;8 Tage;;2 Tage;;4 Tage;;16 Tage;;;;
Fremdwörter;Wie nennt man die krankhafte Sucht,;Dinge zu verschenken?;Doromanie;;Donatomanie;;Grasomanie;;Doxamanie;;;;
Naturwissenschaft;Was bestimmt man mit Hilfe der Mohs`schen;Härteskala?;Härte von Mineralien;;Wasserhärte;;Brennwert von Koks;;Qualität von Holz;;;;
Film / Funk und Fernsehen;Was für ein Tier ist Rudi aus den Mickymaus-Comics?;;Pferd;;Kuh;;Wolf;;Ziege;;;;
Fremdwörter;Was bedeutet Isotache?;;Verbindungslinie zw. Orten gleicher Fließgeschwindig-;keit (von Flüssen);Verbindungslinie zw. Orten mit gleicher jährlicher;Temperaturschwankung (Meteor.);Verbindungslinie zw. Orten mit gleich starker;Sommersonnenbestrahlung (Meteor.);Verbindungslinie zw. Orten mit gleicher Temperatur;(Meteor.);;;
Allgemeinwissen;Was ist ein "gekritztes Geschiebe" ?;;Stein;;Wurzel;;Kutsche;;Aktie;;;;
Medizin;Was versteht man in der Medizin unter Anämie?;;Blutarmut;;Ohrensausen;;Hörsturz;;Krankengeschichte;;;;
Geografie / Erdkunde;Wie heißt die flächenmäßig kleinste Insel Deutschlands?;;Helgoland;;Usedom;;Borkum;;Sylt;;;;
Essen und Trinken;Wie heißt die unterste Klasse der qualitätsbezogenen;Einteilung bei Wein?;Tafelwein;;Portwein;;Rosewein;;Federweißer;;;;
Völkerkunde;Wie ist der Mond auf der türkischen;Staatsflagge dargestellt?;als abnehmender Mond;;als zunehmender Mond;;als Vollmond;;als Neumond;;;;
Tiere und Pflanzen;Wie nennt der Waidmann den weißen Fleck am Hinterteil;von Reh-, Rot- und Damwild?;Spiegel;;Schwamm;;Kamm;;Bürste;;;;
Film / Funk und Fernsehen;Wie nannte man in der DDR den Teil Sachsens der;kein westdeutsches Fernsehen empfangen konnte?;Tal der Ahnungslosen;;DFF-Elbflorenz;;Tal der Linientreuen;;von-Schnitzler-Delta;;;;
Tiere und Pflanzen;Wie nennt man unverdauliche Speisereste, die in Form;von Klumpen von Raubvögeln wieder ausgespieen werden?;Gewölle;;Wörgel;;Knäuel;;Kögel;;;;
Film / Funk und Fernsehen;Welcher US-Präsident trat in der;TV-Serie "Laugh in" auf?;Richard Nixon;;Lyndon B. Johnson;;Jimmy Carter;;Gerald Ford;;;;
Schlagzeilen / Presse;Welches Insekt sorgte für den Kurzschluß eines Rechners;und begründete so den Begriff "Computer-Bug"?;Wanze;;Kakerlake;;Fliege;;Japanese Beetle;;;;
Tiere und Pflanzen;Aus welcher Frucht gewinnt man Kopra?;;Kokosnuss;;Ananas;;Kirsche;;Aprikose;;;;
Geschichte und Politik;Welcher König war mit Eleonore von;Aquitanien verheiratet?;Henry II.;;Henry I.;;Richard;;Henry V.;;;;
Film / Funk und Fernsehen;In welcher Stadt der USA wurde 1920 das erste;regelmäßige Radioprogramm der Welt ausgestrahlt?;in Pittsburgh;;in Chicago;;in New York;;in Washington;;;;
Film / Funk und Fernsehen;Mit der Lola in Sternbergs Film "Der blaue Engel";wurde sie 1930 bekannt. Wie hieß die Künstlerin?;Marlene Dietrich;;Asta Nielsen;;Greta Garbo;;Hildegard Knef;;;;
Wissenschaft und Technik;Wie heißt die Lehre von den Sternen?;;Astronomie;;Astrologie;;Kosmogonie;;Anatomie;;;;
Wissenschaft und Technik;Was bedeutet Arithmetik?;;Zahlenlehre;;Farbenlehre;;körperliche Geschicklichkeit;;Rechenbrett der Antike;;;;
Wissenschaft und Technik;Was bedeutet Physiologie?;;Lehre von den Lebenserscheinungen;;Denk- und Grundwissenschaft;;Sprach- und Literaturwissenschaft;;Lehre von den Erscheinungen und Zuständen;des bewußten u. unbewußten Seelenlebens;;;
Wissenschaft und Technik;Was bedeutet Philologie?;;Wissenschaft von Sprache und;Schrifttum eines Kulturvolkes;Briefmarkenkunde;;Das Sammeln von Zündholzschachteln;;Lehre von den normalen Lebensvorgängen;;;;
Medizin;Welches ist der Erreger der Cholera?;;der Kommabazillus;;der Bazillus rossi;;die Tsetsefliege;;die Chromosomen;;;;
Medizin;Wieviel Arten von Blutgruppen gibt es?;;4;;2;;3;;6;;;;
Medizin;Wie heißt das Wundnahtmittel, das nicht entfernt zu;werden braucht, weil der Körper es auflöst?;Katgut;;Tiersehne;;Bindfaden;;Katzenhaar;;;;
Medizin;Welches ist das älteste Mittel gegen Malaria?;;Chinin;;Plasmodium;;Resochin;;Vitamin C;;;;
Medizin;Was ist Insulin?;;Hormon der Bauchspeicheldrüse;;Zuckerersatz;;Verhütungsmittel;;Zuckerkrankheit;;;;
Tiere und Pflanzen;Was ist ein Pillendreher?;;ein Käfer;;ein Weißkopfaffe;;eine Fledermaus;;insektenfressende Pflanze;;;;
Tiere und Pflanzen;Was sind Regenpfeifer?;;Schnepfenvögel;;Spechtvögel;;Sperlingsvögel;;Möwenvögel;;;;
Tiere und Pflanzen;Wo leben Königstiger?;;in Asien;;in Afrika;;in Australien;;in Amerika;;;;
Tiere und Pflanzen;Wo leben Löwen?;;in Afrika;;in Asien;;in Südamerika;;in Südosteuropa;;;;
Tiere und Pflanzen;Was ist ein Neunauge?;;ein fischähnliches Wirbeltier;;ein Schmetterling;;eine Fliegenart;;ein Reptil;;;;
Tiere und Pflanzen;Welches dieser Tiere ist kein Kamel?;;Zebu;;Dromedar;;Lama;;Trampeltier;;;;
Tiere und Pflanzen;Wieviele Hörner hat das afrikanische Nashorn?;;2;;1;;keins;;3;;;;
Tiere und Pflanzen;Was ist ein Mastodon?;;ein fossiles Rüsseltier;;eine Schimpansenart;;ein Warzenschwein;;eine Meerespflanze;;;;
Sport;Welcher Formel-1-Pilot verunglückte 1994;in Imola tödlich?;Ayerton Senna;;Jochen Rind;;Graf Berge von Tripps;;Stefan Bellof;;;;
Naturwissenschaft;In welcher Einheit wird die Lichtstärke;gemessen?;Candela;;Watt;;Pascal;;Volt;;;;
Film / Funk und Fernsehen;Wer spielte den Onkel Ludwig in der;Serie "Diese Drombuschs" ?;Günther Strack;;Ottfried Fischer;;Helmut Fischer;;Günther Pfitzmann;;;;
Allgemeinwissen;Wieviele Stockwerke hat das Empire State Building;in New York?;102;;94;;120;;78;;;;
Geschichte und Politik;Wo begann 1848 der Goldrausch?;;Kalifornien;;Alaska;;Kanada;;Rußland;;;;
Film / Funk und Fernsehen;In welcher TV-Serie verkaufte Thomas Orner;sein Lachen?;Timm Thaler;;Manni der Libero;;Patrick Pacard;;Lassy;;;;
Geografie / Erdkunde;Wie heißt die jüngste Stufe der Triasformation?;;Rät;;Anis;;Ladin;;Skyth;;;;
Literatur;Wer schrieb den 1997 erschienenen Bestseller;"Der Vorleser"?;Bernhard Schlink;;Mario Adorf;;Günther Grass;;Reinald Göltz;;;;
Fremdwörter;Wie nennt man den krankhaften;Trieb Brände zu legen?;Pyromanie;;Kleptomanie;;Agoraphobie;;Xenophobie;;;;
Geschichte und Politik;Welcher dieser Staatsmänner erhielt;keinen Friedensnobelpreis?;J. F. Kennedy;;Michail Gorbatschow;;Willy Brandt;;Lech Valesa;;;;
Literatur;Wie heißt der Autor des Buches;"Die Memoiren der Fanny Hill"?;John Cleland;;William Golding;;Oliver Goldsmith;;Jean Paul;;;;
Essen und Trinken;Bei welcher italienischen Spezialität;handelt es sich nicht um Käse?;Mortadella;;Mozarella;;Gorgonzola;;Pekorino;;;;
Geschichte und Politik;In welchem Land amtierte Alberto Kenya Fujimori;bis November 2000 als Präsident?;Peru;;Japan;;Indonesien;;Taiwan;;;;
Musik;Welcher Sänger landete 1966 mit;"Strangers in the Night" einen Hit?;Frank Sinatra;;Sammy Davis Jr.;;Louis Armstrong;;Dean Martin;;;;
Allgemeinwissen;Was ist ein Hamam?;;türkisches Bad;;Hammeleintopf;;Orientteppich;;Mokkakännchen;;;;
Mythologie;Was für eine Haarpracht ziert angeblich das Haupt;der sagenumwobenen Medusa?;Schlangen;;Lianen;;Schläuche;;Bandnudeln;;;;
Essen und Trinken;Welcher Sekt wurde in der ehemaligen DDR gekeltert?;;Rotkäppchen;;Dornröschen;;Schneewittchen;;Aschenputtel;;;;
Film / Funk und Fernsehen;In welcher Fernsehserie spielte Horst Janson;die Titelrolle?;Der Bastian;;Lukas;;Derrick;;Silas;;;;
Essen und Trinken;Woraus wird Sauerkraut gemacht?;;aus Weißkohl;;aus Blumenkohl;;aus Rettich;;aus Grünkohl;;;;
Musik;Ein Oktett besteht aus wievielen Soloinstrumenten?;;8;;10;;12;;9;;;;
Musik;Wer coverte 1996 den Bee Gees-Klassiker;"How deep is your Love"?;Take That;;Backstreet Boys;;Talking Heads;;Depeche Mode;;;;
Allgemeinwissen;Wie nennt man Aufsichtspersonen im Bergbau?;;Steiger;;Streber;;Steiner;;Streber;;;;
Musik;Wer hat 1999 mit "Mambo Nr. 5" einen Hit?;;Lou Bega;;Reamon;;George Michael;;Eros Ramazotti;;;;
Film / Funk und Fernsehen;Wer spielte 1981 den Spion Faber;in "Die Nadel"?;Donald Sutherland;;Charles Bronson;;Sean Connery;;Burt Lancaster;;;;
Film / Funk und Fernsehen;Welcher dieser Stars spielte nicht im Film;"Schnappt Shorty" von 1995 mit?;Umar Thurman;;Bette Midler;;John Travolta;;Dany DeVito;;;;
Essen und Trinken;Nach welcher Stadt in Sachsen ist ein Gericht;mit allerlei Gemüse benannt?;Leipzig;;Dresden;;Chemnitz;;Plauen;;;;
Tiere und Pflanzen;Das Maultier ist eine Kreuzung zwischen ...?;;Eselhengst und Pferdestute;;Eselhengst und Hirschkuh;;Pferdehengst und Eselstute;;Wildpferd und Eselstute;;;;
Literatur;Wer schrieb das Trauerspiel;"Kabale und Liebe"?;Friedrich Schiller;;Gotthold Ephraim Lessing;;Johann Gottfried Herder;;Gottfried Keller;;;;
Fremdwörter;Was bedeutet Indoktrination?;;ideologische Beeinflussung;;Zwangsjacke;;jemanden zum Weinen bringen;;Gleichgültigkeit;;;;
Fremdwörter;Was bedeutet Invention?;;Erfindung;;Erregung;;Behinderung;;Bestandsaufnahme;;;;
Fremdwörter;Was bedeutet Inauguration?;;Einweisung in ein hohes Amt;;Austernzucht;;teilweise Sonnenfinsternis;;Doktorarbeit;;;;
Fremdwörter;Was bedeutet Independenz?;;Unabhängigkeit;;Bankfeiertag in den USA;;Ungeschicklichkeit;;Arbeiterpartei;;;;
Geografie / Erdkunde;Wo liegt der Öresund?;;zwischen Dänemark und Schweden;;zwischen Madagaskar und dem afrik. Festland;;zwischen Dover und Calais;;in Australien;;;;
Berühmte Personen;Wer gründete den ersten Kindergarten?;;Heinrich Pestalozzi;;Ludwig Ganghofer;;Joseph Frh. v. Eichendorff;;Sebastian Kneipp;;;;
Berühmte Personen;Wer gründete das Burgtheater in Wien?;;Kaiserin Maria Theresia;;Kaiserin Elisabeth, genannt Sissi;;Kaiser Napoleon I.;;Kaiser Napoleon II.;;;;
Geografie / Erdkunde;Welche Kontinente trennt die Meerenge von Gibraltar?;;Afrika und Europa;;Asien und Europa;;Afrika und Asien;;Amerika und Asien;;;;
Tiere und Pflanzen;Wie weit können Eichhörnchen von Baum zu Baum springen?;;4 - 5 m;;1 - 2 m;;max. 1 m;;6 - 8 m;;;;
Geschichte und Politik;Wie viele Jahre beträgt die Amtszeit des Bundeskanzlers;während eines regulären Turnus?;4 Jahre;;6 Jahre;;5 Jahre;;3 Jahre;;;;
Geschichte und Politik;Wann war der Bau der Beliner Mauer?;;13. August 1961;;13. August 1959;;13. August 1960;;13. Juni 1960;;;;
Geschichte und Politik;Wer schlägt dem Bundespräsidenten die;Bundesminister vor?;Bundeskanzler;;Bundestag;;Bundesrat;;Bundesregierung;;;;
Geschichte und Politik;Ein vom Bundestag verabschiedetes Gesetz muß vor In-;krafttreten von jemandem ausgefertigt werden. Von wem?;Bundespräsident;;Bundestagspräsident;;Bundeskanzler;;Bundesminister, in dessen Ressort das Gesetz fällt;;;;
Fremdwörter;Was versteht man unter Fraktion?;;Eine Vereinigung von Abgeordneten des Parlaments;;Einen komplizierten Knochenbruch;;Verschiedene politische Parteien, die sich zusammen-;geschlossen haben;Eine Splittergruppe von Abgeordneten, die sich von der;herrschenden Parteimeinung getrennt hat;;;
Geschichte und Politik;Welche Partei hat Gustav Stresemann gegründet?;;Deutsche Volkspartei;;Kommunistische Partei Deutschlands;;Zentrum;;Sozialdemokratische Partei Deutschlands;;;;
Geschichte und Politik;Ab wann ist man in der BRD wahlberechtigt?;;vom vollendeten 18. Lebensjahr an;;vom vollendeten 21. Lebensjahr an;;vom vollendeten 23. Lebensjahr an;;vom vollendeten 16. Lebensjahr an;;;;
Geschichte und Politik;Wann war der Volksaufstand in der DDR?;;17. Juni 1953;;17. Juni 1961;;17. Juni 1945;;17. Juni 1951;;;;
Berühmte Personen;Welcher Philosoph war ein Schüler von Sokrates?;;Plato;;Aristoteles;;Pythagoras;;Diogenes;;;;
Berühmte Personen;Wer war der Belgier De Hondt?;;Mathematiker, der ein Prinzip zur Verteilung;der Sitze im Parlament erfand;Belgischer Parlamentspräsident von 1979 bis 1987;;Radsportler;;Präsident der EG-Kommission;;;;
Geschichte und Politik;Wer gründete das Deutsche Reich?;;Bismarck;;Hitler;;Kaiser Wilhelm II.;;Hindenburg;;;;
Geografie / Erdkunde;Wie heißt der tiefste Punkt unter dem Meeresspiegel?;;Marianengraben;;Tongagraben;;Angola-Becken;;Japangraben;;;;
Allgemeinwissen;Was versteht man unter einem Delta?;;Strommündung in Gestalt eines Dreiecks. Der Fluß;teilt sich vor der Mündung in viele Flußarme.;Ein Dreieck, in dem es zu sehr vielen Unglücken;kommt, zum Beispiel das Bermudadreieck.;Eine einem Dreieck ähnelnde Flügelform bei Flugzeugen;;Schwierige Kletterpartie der Stufe 5;;;;
Städte;Der "Zuckerhut" ist das Wahrzeichen welcher Stadt?;;Rio de Janeiro;;Brüssel;;Lissabon;;Montevideo;;;;
Geografie / Erdkunde;In welchem Land liegt der südlichste Punkt Europas?;;Griechenland;;Italien;;Portugal;;Türkei;;;;
Städte;Wie heißt die Hauptstadt der Zentralafrikanischen;Republik?;Bangui;;Togo;;Zaire;;Kamerun;;;;
Geografie / Erdkunde;Wie heißt die frühere Kolonie Deutsch Südwest heute?;;Namibia;;Nauru;;Simbabwe;;Sambia;;;;
Wissenschaft und Technik;Wie wird ein Körper, der Elektrizität nicht leitet,;bezeichnet?;Isolator;;Halbleiter;;Elektrode;;Reflektor;;;;
Naturwissenschaft;Was ist Halbwertszeit?;;Die halbe Zerfallszeit von radioaktiven Stoffen;;Zeitraum zur Beschleunigung eines Kraftfahrzeuges;auf fünfzig Kilometer pro Stunde;Zeitmessung im Rahmen des Elektrokardiogramms (EKD);;Rechengeschwindigkeit in der Zentraleinheit;;;;
Geschichte und Politik;Wer überflog den Atlantik zum ersten Mal;in Ost-West-Richtung?;Fitzmaurice, Köhl und v. Hünefeld;;Charles Lindbergh;;Gebrüder Wright;;Saint-Exupery;;;;
Tiere und Pflanzen;Welches Tier ist der einzige noch lebende Vertreter;der gesamten Ordnung der Röhrchenzähner?;Erdferkel;;Pinselohrschwein;;Meersau;;Hirscheber;;;;
Literatur;Die Geschichte welches Zellennachbarn schrieb der;genuesische Gefangene Rustichello da Pisa nieder?;Marco Polo;;Giacomo Casanova;;Guiseppe Garibaldi;;Benito Mussuline;;;;
Allgemeinwissen;Was sind Gibberelline?;;Pflanzenhormone;;Metallskulpturen;;Salzderivate;;Nummerncodes;;;;
Literatur;Wer stellte, kurz bevor er vergiftet wurde, die;erste Autobiografie der Literaturgeschichte fertig?;Aratos von Sikyon;;Quallo von Burgund;;William von Baskerville;;Kronos von Samos;;;;
Allgemeinwissen;Welche dieser Nüsse ist nach einer Stadt benannt?;;Paranuss;;Macadamianuss;;Cashew-Nuss;;Pekannuss;;;;
Geografie / Erdkunde;Zu welchem Staat gehört das Franz-Joseph-Land?;;Russland;;Norwegen;;USA;;Kanada;;;;
Geschichte und Politik;Wie hieß der erste Bundesumweltminister?;;Walter Wallmann;;Klaus Töpfer;;Rita Süssmuth;;Heinz Riesenhuber;;;;
Astronomie (Sternkunde) und Weltraum;Wer war der erste Mensch im Weltraum?;;Juri Gagarin;;Neil Armstrong;;Wladimir Komarow;;Alan Shepard;;;;
Astronomie (Sternkunde) und Weltraum;Was versteht man unter Mondfinsternis?;;Die Erde steht zwischen Sonne und Mond;;Der Mond steht zwischen Sonne und Erde;;Die Sonne steht zwischen Erde und Mond;;Die der Erde abgewandte Seite des Mondes;;;;
Auto und Verkehr;Was gehört zur Unfallverhütung?;;Schutzbrille, Warnsignal;;Krankenwagen, Sanitäter;;Verbandskasten, Notarzt;;Einsatzzentrale, Rettungshubschrauber;;;;
Astronomie (Sternkunde) und Weltraum;Welches ist der größte Planet in unserem Sonnensystem?;;Jupiter;;Pluto;;Saturn;;Venus;;;;
Naturwissenschaft;Wie heißt die Einheit für den elektrischen Widerstand?;;Ohm;;Watt;;Ampere;;Volt;;;;
Natur und Umwelt;Was ist ein Kokon?;;eine Hülle aus Drüsensekret mit der sich Insektenlarven;beim Verpuppen umgeben;Fruchtfleisch einer Kokosnuß;;eine kugelförmige Bakterie;;eine Schmetterlingslarve, die sich später in eine Puppe;verwandelt aus der dann ein Schmetterling hervorgeht;;;
Allgemeinwissen;Was ist ein Heuler?;;verlassenes oder verirrtes Seehundjunges;;die Reflexion eines Donnerschlags;;ein winselnder Hund, der um Futter bettelt;;Lockruf eines männlichen Albatrosses;während der Paarungszeit;;;
Naturwissenschaft;Was ist ein Sulfat?;;Salz der Schwefelsäure;;Salz des Schwefelwasserstoffs;;Spaltprodukt des Eiweißabbaus;;Salz der Phosphorsäure;;;;
Naturwissenschaft;Welche Farbe hat Basalt?;;schwarzgrau;;violett;;gelb;;silberweiß;;;;
Naturwissenschaft;Was ist ein Stalagmit?;;ein von der Erde nach oben wachsender Tropfstein;;ein von der Decke nach unten wachsender Tropfstein;;ein Einsiedler;;eine enge Felsspalte, die ein Bergsteiger durch Abstüt-;zen an den gegenüberliegenden Felsen durchklettert;;;
Allgemeinwissen;Was ist ein Öchsle?;;Spezifisches Gewicht zur Ermittlung des Zuckergehaltes;bei Traubenmost;Schnecke ohne Haus;;Rebsorte;;Junger Bulle;;;;
Tiere und Pflanzen;Was ist ein Trauermantel?;;Schmetterling;;Singvogel;;Spinne;;Farngewächs;;;;
Kultur und Kunst;Wo finden die Richard-Wagner-Festspiele statt?;;Bayreuth;;München;;Salzburg;;Bad Segeberg;;;;
Musik;Wer schrieb "Die Dreigroschenoper"?;;Bert Brecht;;Anton Dvorak;;Benjamin Britten;;Franz Lehar;;;;
Kultur und Kunst;Was versteht man unter Rezitativ?;;Sprechgesang;;Wiederholung in einem Musikstück;;Künstlerischer Vortrag eines Gedichts oder;eines Textabschnitts;Buchbesprechung;;;;
Sport;Unter welchem Markennamen kennt man den wetterfesten;Kunststoffbelag auf Sportbahnen?;Tartan;;Tarkan;;Tarpan;;Tarnat;;;;
Film / Funk und Fernsehen;Welche Kopfbedeckung hilft Pan Tau beim Zaubern?;;Melone;;Zylinder;;Strohhut;;Turban;;;;
Naturwissenschaft;Welche Substanz ist der Hauptbestandteil von Aspirin?;;Acetylsalicylsäure;;Ascorbinsäure;;Ameisensäure;;Aminosäure;;;;
Geografie / Erdkunde;Was liegt nicht an der Elbe?;;Elberfeld;;Riesa;;Magdeburg;;Wittenberg;;;;
Allgemeinwissen;Was verstand man früher unter einer "Fuchtel"?;;breiter Degen;;schwerer Holzschuh;;dünne Zeltplane;;verstaubter Teppich;;;;
Musik;Was ist ein Konzertmeister?;;Der erste Geiger eines Orchesters;;Dirigent;;Direktor der Oper oder des Schauspielhauses;;Die aufsichtsführende Person über das gesamte Orchester;;;;
Kultur und Kunst;Was versteht man unter einer Partitur?;;Die übersichtliche Zusammenstellung eines vielstimmigen;Tonwerkes;Die zwischen Tenor und Baß liegende Männersingstimme;;Einen griechischen Tempel;;Verzeichnis von Kompositionen aus der Romantik;;;;
Film / Funk und Fernsehen;Wer führte 1969 bei dem Film "Easy Rider" Regie?;;Dennis Hopper;;Robert Altmann;;Billy Wilder;;Don Sigel;;;;
Geografie / Erdkunde;In welchem Land liegen die Walliser Alpen?;;Schweiz;;Frankreich;;Italien;;Österreich;;;;
Film / Funk und Fernsehen;Wer spielt das Familienoberhaupt in der Serie;"Familie Heinz Becker"?;Gerd Dudenhöfer;;Michael Herwig;;Jürgen Becker;;Jochen Busse;;;;
Naturwissenschaft;Wer konstruierte 1654 die sogenannten "Magdeburger;Halbkugeln"?;Otto von Guericke;;Johannes Keppler;;Karl Bosch;;Otto Hahn;;;;
Geschichte und Politik;Wer wurde 1998 Bundesminister für Arbeit und Soziales?;;Walter Riester;;Hans Eichel;;Werner Müller;;Rudolf Dressler;;;;
Musik;Welche Bedeutung hat in der Musik das Kreuz;vor einer Note?;Die Erhöhung um einen halben Ton;;Die Senkung um einen halben Ton;;Pausenzeichen;;Wiederholungszeichen;;;;
Musik;Welche Musik stammt nicht von Andrew Lloyd Webber?;;Musik zu "West-Side-Story";;Musik zu "Jesus Christ Superstar";;Musik zu "Evita";;Musik zu "Cats";;;;
Mythologie;Was versteht man unter einem Minotauros?;;Ungeheuer mit Menschenleib und Stierkopf;;Fabelwesen mit menschlichem Oberkörper;und Pferdeleib;Titel eines griechischen Königs;;Wassergeist mit weiblichem Oberkörper und;dem Schwanzteil eines Fisches;;;
Pseudonyme und Künstlernamen;R. Kenneth Dwight wurde unter einem Künstlernamen;weltberühmt. Welcher Name ist das?;Elton John;;George Eliot;;Mark Twain;;Fred Astaire;;;;
Kultur und Kunst;Karl V. wurde häufig von einem Maler porträtiert.;Wie hieß dieser Maler?;Tizian;;Memling;;Goya;;Velazquez;;;;
Film / Funk und Fernsehen;In welcher Stadt spielt "Der dritte Mann"?;;Wien;;London;;Berlin;;Paris;;;;
Wirtschaft;Was versteht man unter Inflation?;;Geldentwertung;;Geldabwertung;;Geldaufwertung;;Staatsverschuldung;;;;
Wirtschaft;Was bedeutet "Hausse"?;;Steigen der Wertpapierkurse als Folge;starker Nachfrage;Verkäufer, der von Haus zu Haus geht,;um seine Waren anzubieten;Geldaufwertung;;Preissteigerung, die durch erhöhte Preise;von Importwaren bedingt ist;;;
Wirtschaft;Was versteht man unter "Tarifautonomie"?;;Freie Lohnvereinbarungen zwischen Arbeitgebern;und Gewerkschaften;Freie Entscheidung der Unternehmen, über die im Tarif-;vertrag festgelegten Leistungen hinaus Zulagen gewähren;Das Recht der Kommunen und der Verkehrsbetriebe,;Fahrpreise auszuhandeln;Die Freiheit der Arbeitgeber mit jedem Angestellten in-;dividuelle Leistungen u. Zahlungen auszuhandeln;;;
Wirtschaft;Welche drei Formen der Personengesellschaft gibt es?;;Gesellschaft bürgerlichen Rechts, Offene Handesgesell-;schaft, Kommanditgesellschaft;Offene Handelsgesellschaft, Gesellschaft mit beschränk-;ter Haftung, Aktiengesellschaft;Gesellschaft bürgerlichen Rechts, Gesellschaft mit;beschränkter Haftung, Offene Handelsgesellschaft;Kommanditgesellschaft, Offene Handelsgesellschaft,;Aktiengesellschaft;;;
Wirtschaft;Wann ist eine Aktie überzeichnet?;;Wenn sie neu auf den Markt kommt und derart gefragt ist;daß die Wünsche der Kunden nicht voll erfüllt werden;Wenn der Kurswert der Aktie den Nennwert übersteigt;;Wenn aufgrund von Spekulationsgeschäften der Kurswert;der Aktie kurzfristig stark steigt;Wenn bei einer Namensaktie der Gläubiger wechselt und;der neue Gläubiger im Aktienbuch eingetragen wird;;;
Wirtschaft;Was ist der Deutsche Industrie- und Handelstag?;;Spitzenorganisation der Industrie- und Handelskammern;in der BRD;der 1. Mai (Feiertag);;einmal im Jahr stattfindender Kongreß der Vorstände;deutscher Wirtschaftsunternehmen;Treffen von Regierung, Arbeitgebern und Gewerkschaften;zur Abstimmung wirtschaftlicher Rahmendaten;;;
Wirtschaft;Was versteht man unter dem Kürzel "fob"?;;Risikoklausel im Außenhandelsgeschäft, bei der der Ver-;käufer die Kosten und das Risiko f. d. Ware übernimmt;Vertragsklausel, nach der der Verkäufer sämtliche;anfallenden Kosten übernimmt;Lieferbedingungen, bei der der Verkäufer die Kosten;für Fracht, Verladegebühren und Versicherungen trägt;Vereinbarung, bei der das Transportrisiko;ausschließlich beim Kunden liegt;;;
Wirtschaft;Was sind frei konvertierbare Währungen?;;Währungen, die ohne Beschränkungen in andere;(ausländische) Zahlungsmittel umwandelbar sind;Währungen, die im Tauschwert zu anderen Währungen;fest gebunden sind;Währungen, die nicht ausgeführt werden dürfen;;Währungen, die im Gegensatz zum offiziellen Kurs einen;freien, meist höheren Schwarzmarktkurs haben;;;
Wirtschaft;Welche Aufgabe hat der IWF;(Internationaler Währungsfonds)?;Er sorgt für Kredite bei Zahlungsbilanzschwierigkeiten;;Finanzierung von Projekten in Entwicklungsländern;;Förderung der Zusammenarbeit der Zentralbanken und;Schaffung v. Möglichkeiten neuer intern. Bankgeschäfte;Europäische Zusammenarbeit mit Blick auf den;gemeinsamen Binnenmarkt;;;
Wirtschaft;Was versteht man unter der Offenmarktpolitik;der Bundesbank?;Die Bundesbank kauft und verkauft an Börsen;Wertpapiere und Schuldverschreibungen;Banken kaufen Wechsel vor dem Fälligkeitsdatum ab und;zahlen dem Verkäufer den Betrag abzügl. des Diskonts;Die Bundesbank greift durch Veränderung der Einlagen;offen am Markt ein;Die Bundesbank steuert mit dem Lombardsatz die;Liquidität bei den Banken;;;
Wirtschaft;Wer war Gottlieb Duttweiler?;;Gründer der schweizerischen Migros AG;;Gründer des Wasch- und Putzmittelherstellers Henkel;;Gründer von Fiat;;Gründer der Trumpf-Schokoladenfabrik;;;;
Sport;Was ist ein Hattrick?;;Dreifacher Erfolg eines Sportlers in ununterbrochener;Reifenfolge;Ein Spieler oder Athlet erringt aufgrund eines;versteckten Betruges den Sieg;Sprung nach der von John Hattrick begründeten;Stabhochsprungtechnik;Fallrückzieher beim Fußball;;;;
Sport;Was versteht man beim Motorsport unter Homologation?;;Herst. eines Wagentypes in genügender Stückzahl, um in;der entspr. Gruppe des Motorsports eingestuft zu werden;Übereinstimmung von Bauteilen in verschiedene Motoren;;Einnahme von leistungssteigernden Substanzen zur;unlauteren Wettbewerbsbeeinflussung;Begrenzung der zulässigen Kraftstoffmenge;in der Formel 1;;;
Sport;Bei welcher Fechtart ist gesamte Körper Trefffläche?;;Degen;;Florett;;Säbel;;Krummsäbel;;;;
Sport;Welches ist das größte Fußballstadion der Welt?;;das Maracana-Stadion in Rio de Janeiro;;das Aztekenstadion in Mexiko City;;das Heysel-Stadion in Brüssel;;das Pacaembu-Stadion in Sao Paulo;;;;
Sport;Wie hoch hängt ein Basketballkorb?;;3,05 m;;2,14 m;;2,44 m;;3,66 m;;;;
Sport;Wie viele Runden hat normalerweise ein;Amateurboxkampf?;3;;15;;2;;ist nicht limitiert;;;;
Sport;Bis zu wieviel Kilogramm geht beim Amateurboxen;das Fliegengewicht?;bis zu 51 kg;;bis zu 75 kg;;bis zu 60 kg;;bis zu 81 kg;;;;
Sport;Wer hat das Springpferd "Halla" geritten?;;Hans Günter Winkler;;Rainer Klimke;;Joseph Neckermann;;Paul Schockemöhle;;;;
Sport;Welcher Fußballspieler wurde auch Kopfballungeheuer;genannt?;Horst Hrubesch;;Sepp Maier;;Manfred Kalz;;Uwe Seeler;;;;
Naturwissenschaft;Welches explosive Gemisch besteht aus Wasserstoff;und Sauerstoff?;Knallgas;;Nitroglycerin;;Methan;;Dynamit;;;;
Fremdwörter;Was bedeutet das Wort "Diva" übersetzt?;;Göttliche;;Teuflische;;Schöne;;Himmlische;;;;
Allgemeinwissen;Welcher Senioren-Schutzbund wurde 1975 von;Gertrud Unruh gegründet?;Graue Panther;;Schwarze Witwen;;Weiße Löwen;;Lila Launebären;;;;
Essen und Trinken;Aus welcher Pflanze wird Rum hergestellt?;;Zuckerrohr;;Hanf;;Trockenreis;;Wacholder;;;;
Literatur;Wie heißt die Geschichtenerzählerin in;"Tausendundeine Nacht"?;Scheherezade;;Deleila;;Aida;;Judith;;;;
Geografie / Erdkunde;Zu welchem Meer gehört die Sargassosee?;;Atlantik;;Pazifik;;Indischer Ozean;;Mittelmeer;;;;
Geschichte und Politik;Wie hieß der Prinz der für Österreich im 17. und;18. Jahrhundert gegen die Türken kämpfte?;Eugen;;Beukelaer;;Blücher;;Albert;;;;
Literatur;Welche der folgenden Figuren stammt nicht;von Wilhelm Busch?;Pippi Langstrumpf;;Witwe Bolte;;Meister Böck;;Max und Moritz;;;;
Sport;Gegen wen verschoß Ulli Hoeneß im EM-Finale 1976;einen Elfmeter?;CSSR;;Frankreich;;Ungarn;;Spanien;;;;
Geschichte und Politik;Wer wartet der Sage nach im "Kyffhäuser" um nach seiner;Rückkehr Deutschland zu retten?;Friedrich Barbarossa;;Otto von Bismarck;;Karl der Große;;Helmut Kohl;;;;
Literatur;Welcher Politiker befindet sich lt. Titel seines;Buches "Mitten im Leben"? (Stand 2000);Wolfgang Schäuble;;Helmut Kohl;;Gerhard Schröter;;Jürgen Möllemann;;;;
Literatur;Wer wohnt nicht in Entenhausen?;;Daffy Duck;;Gustav Gans;;Klaas Klever;;Primus von Quack;;;;
Naturwissenschaft;Was verdanken Mathematikschüler dem;Hallenser Professor Georg Cantor?;Mengenlehre;;Textaufgabe;;Dreisatz;;Logarithmentafel;;;;
Literatur;Wie lautet Donald Ducks zweiter Vorname?;;Fauntleroy;;Fitzgerald;;Archibald;;Winston;;;;
Allgemeinwissen;Wer oder was ist Edwards Bello?;;Schriftsteller;;Windhund;;Birnensorte;;Herrenmagazin;;;;
Kultur und Kunst;In welcher Stadt befindet sich ein Panzermuseum?;;Munster;;Cloppenburg;;Soltau;;Bergen;;;;
Tiere und Pflanzen;Wie heißt der Vogel des Jahres 2001?;;Haubentaucher;;Teichrohrsänger;;Blaukehlchen;;Tannenhäher;;;;
Literatur;Wie heißt Comic-Figur Linus von den "Peanuts";mit Nachnamen?;Van Pelt;;Van Dyck;;Van der Bilt;;Van Burik;;;;
Schlagzeilen / Presse;Ein 160 km/h schneller Zug der 30er Jahre hieß;"Fliegender ..."?;Hamburger;;Holländer;;Rheinländer;;Schwabe;;;;
Sport;Welche Sportler beherrschen eine Riesenfelge?;;Reckturner;;Dreispringer;;Golfer;;Dressusreiter;;;;
Geografie / Erdkunde;Wo liegt das Kap Trafalgar, bei dem Admiral Nelson;1805 eine Schlacht gewann und sein Leben verlor?;Südspanien;;Ostschottland;;Nordfrankreich;;Westafrika;;;;
Film / Funk und Fernsehen;Wer war 1951 für viele empörte Kinogänger;"Die Sünderin" schlechthin?;Hildegard Knef;;Magda Schneider;;Jean Moreau;;Zarah Leander;;;;
Medizin;Ein Dr. h.c. bekam seinen Titel ...?;;ehrenhalber;;nur probeweise;;postum;;vererbt;;;;
Film / Funk und Fernsehen;Um welchen Sport dreht sich Robert Redfords Film;"Die Legende von Bagger Vans"?;Golf;;Tennis;;Segeln;;Polo;;;;
Musik;Wer stürmte 1984 mit "Hello again" die Hitparaden?;;Howard Carpendale;;Chris Howland;;G.G. Enderson;;Freddy Quin;;;;
Allgemeinwissen;Was versteht man unter Welfen?;;Adelsgeschlecht;;junge Hunde;;Waldgeister;;Hardrockband;;;;
Sport;In welcher Sportart gehört ein "Ausfall" zum;normalen Ablauf?;Fechten;;Tennis;;Fußball;;Hochsprung;;;;
Spiel / Freizeit / Hobby;Wie heißt die seit 1967 geprägte Goldmünze;der Republik Südafrika?;Krügerrand;;Afrikaansgold;;Kaptaler;;Putador;;;;
Film / Funk und Fernsehen;Wer spielte 1952 den Marschall Will Kayne;in dem Film "12 Uhr Mittags"?;Gary Cooper;;Paul Newman;;Marlon Brando;;Kirk Douglas;;;;
Sport;Wer war nie Trainer des FC Bayern München?;;Horst Köppel;;Udo Lattek;;Giovanni Trabatoni;;Erich Ribbeck;;;;
Literatur;Wer veröffentlichte 1993 den Roman "Der Klient"?;;John Grisham;;Noah Gordon;;Charles Bukowski;;Pearl S. Buck;;;;
Tiere und Pflanzen;Welches dieser Tiere gehört nicht;zu den Pflanzenfressern?;Maulwurf;;Nashorn;;Hirsch;;Koala;;;;
Sport;Wie nennt man den unteren Teil eines Ruders?;;Ruderblatt;;Ruderstamm;;Ruderblüte;;Ruderknospe;;;;
Film / Funk und Fernsehen;Auf welchem Schiff kämpfte George Clooney im Kino;vergeblich gegen den Sturm?;Andrea Gail;;Gorch Fock;;Emergency;;M.S. Franciskia;;;;
Geschichte und Politik;Wer war der letzte Zar Russlands?;;Nikolaus II.;;Boris Godunov;;Alexander I.;;Peter der Große;;;;
Literatur;Wer erfand den Privatdetektiv Philipp Marlowe?;;Raymond Chandler;;Georges Simeon;;Mary Sheley;;Arthur Conan Doyle;;;;
Städte;Welche dieser Städte liegt nicht in Kalifornien?;;Salt Lake City;;San Francisco;;San Diego;;Sacramento;;;;
Wirtschaft;Wo hat die Weltbank ihren Hauptsitz?;;Washington D.C.;;Luxemburg;;Wien;;London;;;;
Musik;Welche Band ging 1977 mit ihrem Hit "Staying alive";in die Musikgeschichte ein?;Bee Gees;;Bronski Beat;;Beatles;;Boney M.;;;;
Film / Funk und Fernsehen;Wer moderierte von 1985 bis 1994 das;TV-Ratespiel "Dingsda"?;Fritz Egner;;Wim Tholeke;;Michael Schanze;;Kai Pflaume;;;;
Musik;Mit welchem Lied startete Michelle 2001;beim Grand Prix d'Eurovision?;Wer Liebe lebt;;Liebe ohne Leiden;;Glück und Liebe;;Liebe auf Zeit;;;;
Geschichte und Politik;Wen löste J.F. Kennedy 1961 als Präsidenten;der Vereinigten Staaten ab?;Dwight David Eisenhower;;Richard Nixon;;Franklin Delano Roosevelt;;Lyndon B. Johnson;;;;
Mythologie;Wie heißt der Gott des Krieges in der;römischen Mythologie?;Mars;;Nero;;Argus;;Hermes;;;;
Allgemeinwissen;Welches Wort ist keine Bezeichnung für den Teufel?;;Diakonus;;Diabolus;;Beelzebub;;Luzifer;;;;
Literatur;Welches Werk ist nicht von William Shakespeare?;;Ein idealer Gatte;;Viel Lärm um nichts;;König Richard III.;;Wie es euch gefällt;;;;
Berühmte Personen;Welche Frau erhielt den Beinamen;"Engel der Armen"?;Mutter Theresa;;Prinzessin Diana;;Indira Gandhi;;Florence Nightingale;;;;
Religion und Philosophie;Welcher Papst schlug vor, Ostern zu verlegen?;;Johannes Paul II.;;Johannes Paul I.;;Johannes I.;;Paul VI.;;;;
Allgemeinwissen;Wie nennt man jemanden der etwas bloß vorstäuscht?;;Simulant;;Querulant;;Praktikant;;Flagelland;;;;
Kultur und Kunst;Wie nennt man einen gemalten Bühnenhintergrund?;;Prospekt;;Katalog;;Broschüre;;Reklame;;;;
Sport;Wie heißt der Segelwettkampf, der seit 1957 alle zwei;Jahre vor der Südküste Englands stattfindet?;Admirals Cup;;Majors Cup;;Generals Cup;;Captains Cup;;;;
Geschichte und Politik;Welcher Politiker hieß mit bürgerlichem Namen;Wladimir Iljitsch Uljanow?;Lenin;;Stalin;;Trotzki;;Tito;;;;
Kultur und Kunst;Passend zu einem seiner Lieblingsmotive taufte Pablo;Picasso seine Tochter Paloma, zu Deutsch ...?;Taube;;Blume;;Hafen;;Palme;;;;
Musik;Welcher Madonna-Song war im Frühjahr 1990 in Mode?;;Vogue;;Elle;;Cosmopolitan;;Brigitte;;;;
Natur und Umwelt;Wobei handelt es sich nicht um eine;fleischfressende Pflanze?;Goldregen;;Fettkraut;;Kannenpflanze;;Wasserschlauch;;;;
Astronomie (Sternkunde) und Weltraum;Wie nennen Astrologen den Stand der Gestirne;bei der Geburt?;Nativität;;Navigation;;Naivität;;Nobilität;;;;
Literatur;"Da steh ich nun, ich armer Thor! Und bin so klug als;wie zuvor" ist aus ...?;Faust I;;Leonce und Lena;;Kabale und Liebe;;Emilia Galotti;;;;
Musik;Welcher dieser Musiker wurde als "Teufelsgeiger";bekannt?;Niccolo Paganini;;Enrico Caruso;;George Zamfir;;Herbert v. Karajan;;;;
Sport;Wer war von 1978 - 1984 Fußballbundestrainer;des deutschen Teams?;Jupp Derwall;;Otto Nerz;;Sepp Herberger;;Dietmar Kramer;;;;
Computertechnik und Internet;Wie heißt das Programm zur Suche;von Dokumenten im Internet?;Browser;;Swimmer;;Shower;;Dusher;;;;
Sport;Welche Sportart hat die ältesten Champions?;;Billard;;Golf;;Bowling;;Tennis;;;;
Tiere und Pflanzen;Wie lange schläft ein Elefant;durchschnittlich pro Tag?;2 Stunden;;4 Stunden;;8 Stunden;;16 Stunden;;;;
Spiel / Freizeit / Hobby;Wie viele Zahlenfelder hat die Kugel;beim Roulette zur Auswahl?;37;;42;;43;;49;;;;
Städte;Welche Stadt war vor Jerusalem die;Landeshauptstadt Israels?;Tel Aviv;;Elat;;Haifa;;Bethlehem;;;;
Film / Funk und Fernsehen;Mit wem unterhält sich Tom Hanks in seinem Film;"Cast away - Verschollen " auf der einsamen Insel?;Volleyball;;Papagei;;Puppe;;Spiegel;;;;
Völkerkunde;Welche Sprache wird nicht in der Schweiz gesprochen?;;Altgotisch;;Italienisch;;Rätoromanisch;;Französisch;;;;
Allgemeinwissen;Was ist ein Alexandriner?;;Versform;;Kutsche;;Pferderasse;;Schnaps;;;;
Allgemeinwissen;Welche Berufsgruppe benutzt den Quintenzirkel?;;Komponisten;;Bauingenieure;;Architekten;;Maler;;;;
Schlagzeilen / Presse;Welches Herrenmagazin gibt Larry Flynt heraus?;;Hustler;;Playboy;;Penthouse;;Playgirl;;;;
Fremdwörter;Was bedeutet "Eunuch" wörtlich?;;Der das Bett hütet;;Der den Harem hütet;;Der den Sultan hütet;;Der das Geheimnis hütet;;;;
Völkerkunde;Wer lebte als erste britische Monarchin;im Buckingham Palace?;Queen Victoria;;Queen Elizabeth;;Queen Mary;;Queen Mary II.;;;;
Allgemeinwissen;Welches ist keine Bedeutung von "Atlas"?;;magische Kreide;;griechische Sagengestalt;;Gebirge in NW-Afrika;;oberster Halswirbel;;;;
Allgemeinwissen;Was sind die Barfüßer?;;Mönchsorden;;FKK-Vereinigung;;Gebirgskette;;japanische Sekte;;;;
Allgemeinwissen;Was ist ein Bonze?;;buddhistischer Priester;;chinesischer Reisbauer;;ägyptischer Tempeldiener;;indischer Hofbeamter;;;;
Fremdwörter;Was ist eine Diseuse?;;Vortragskünstlerin im Kabarett;;mechanischer Haartrockner;;Küchengerät;;Theaterangestellte;;;;
Wirtschaft;Von welcher Bank wurden am 16. Juli 1661 die ersten;europäischen Banknoten ausgegeben?;Stockholms Banco;;Fugger-Bank;;Banque National de Paris;;Syndicate Bank;;;;
Allgemeinwissen;Was macht man mit einem Kerbholz?;;Rechnen;;Kochen;;Schlagen;;Basteln;;;;
Mythologie;Wie heißt die griechische Göttin des Regenbogens?;;Iris;;Athena;;Aphrodite;;Venus;;;;
Essen und Trinken;Welches ist der weltweit meistgegessene Fisch?;;Hering;;Barsch;;Kabeljau;;Forelle;;;;
Allgemeinwissen;Was wurde in der DDR von der Firma Plastina;unter der Marke "Mondos" vertrieben?;Kondome;;Haarkämme;;Campingbesteck;;Papiertaschentücher;;;;
Völkerkunde;In welchem Jahr fiel zum ersten Mal seit;Menschengedenken Schnee in der Sahara?;1979;;1976;;1977;;1978;;;;
Literatur;Welches Werk ist nach der Bibel das am;häufigsten übersetzte Buch?;"Don Quijote" von Miguel de Cervantes;;Koran;;"Krieg und Frieden" von Leo Tolstoj;;Biografie des Buddha;;;;
Wissenschaft und Technik;Unter welchem Codenamen wurde die;erste Atombombe entwickelt?;Manhattan Project;;Operation 000;;Mission Space Probe;;Liberty Project;;;;
Religion und Philosophie;Welches Tier wird nicht in der Bibel;namentlich erwähnt?;Katze;;Taube;;Heuschrecke;;Rabe;;;;
Völkerkunde;Was wurde 1892 in Argentinien erstmals zur;Aufklärung eines Verbrechens benutzt?;Fingerabdrücke;;ballistische Erkenntnisse;;Beweisfotos;;Spürhunde;;;;
Literatur;Welcher weltbekannte Dichter hatte einen Klumpfuß?;;Lord Byron;;William Shakespeare;;Henry Longfellow;;William Wordsworth;;;;
Musik;Wie viele Wochen war Elvis Presleys Single "Love Me;Tender" in der amerikanischen Billboard charts?;19 Wochen;;6 Wochen;;12 Wochen;;28 Wochen;;;;
Völkerkunde;Welches Land hat den höchsten;Pro-Kopf-Verbrauch an Käse?;Frankreich;;Dänemark;;Schweiz;;Niederlande;;;;
Spiel / Freizeit / Hobby;Welches von Josef Schmidt erfundene Gesellschaftsspiel;wird seit 1912 in Serie produziert?;"Mensch ärgere dich nicht";;"Fang den Hut";;Kniffel;;Monopoly;;;;
Essen und Trinken;Aus welchen beiden Bestandteilen;setzt sich "Arrak" zusammen?;Reis und Zuckerrohrmelasse;;Reis und Korn;;Hafer und Hopfen;;Mais und Malz;;;;
Wirtschaft;Welches Logo wurde 1903 in das;Markenregister eingetragen?;Erdal-Frosch;;Mercedes-Stern;;"Humpelrock"-Cola-Flasche;;Michelin-Männchen;;;;
Allgemeinwissen;Seit wann werden in Deutschland;weibliche Polizisten ausgebildet?;1923;;1919;;1921;;1926;;;;
Fremdwörter;Was bedeutet "Kamikaze" wörtlich übersetzt?;;göttlicher Wind;;göttlicher Zorn;;göttlicher Funke;;göttlicher Tod;;;;
Geschichte und Politik;Wer ist der erste Bundeskanzler in der Geschichte der;BRD, der einen PKW der Marke Audi als Dienstwagen fuhr?;Gerhard Schröder;;Helmut Kohl;;Helmut Schmidt;;Willy Brandt;;;;
Musik;Welche Musikform begründete Arnold Schönberg?;;Zwölftonmusik;;Neuntonmusik;;Fünftonmusik;;Elftonmusik;;;;
Geschichte und Politik;Welche Auffälligkeit wird dem römischen Kaiser;Caligula nachgesagt?;sadistische Grausamkeit;;notorisches Lügen;;Kleptomanie;;Tourette-Syndrom;;;;
Musik;Welche Musikgruppe behauptete,;populärer als Jesus zu sein?;Beatles;;Rolling Stones;;Kiss;;AC DC;;;;
Kultur und Kunst;Wo steht der "Isenheimer Altar"?;;Colmar;;Grünewald;;Basel;;Isenheim;;;;
Schlagzeilen / Presse;Was veröffentlicht Mister Blackwell seit 1960;alljährlich im Januar?;Liste der am schlechtesten gekleideten Frauen;;Liste der am schlechtesten gekleideten Männer;;Liste der verschwenderischsten Politiker;;Liste der vom Aussterben bedrohten Tierarten;;;;
Allgemeinwissen;Was ist eine "Galeone"?;;Kriegsschiff;;englisches Raummaß;;glänzende Borte;;Trinkgefäß;;;;
Berühmte Personen;Wer absolvierte als Erster einen;Nonstopflug über den Atlantik?;John Alcock;;Charles Lindbergh;;Albert C. Read;;Irving Wallace;;;;
Völkerkunde;Auf der Staatsflagge welchen Landes ist;eine Maschinenpistole abgebildet?;Mocambique;;Jemen;;Angola;;Liberia;;;;
Film / Funk und Fernsehen;Welcher Hollywoodstar erfand das so genannte;Frequency Hopping zur Steuerung von U-Boot-Torpedos?;Hedy Lamarr;;Claudette Colbert;;Katharine Hepburn;;Bette Davis;;;;
Sport;Welcher Fußballlehrer lässt nach eigener Aussage;Spieler hinterher immer "noch mal Paroli laufen"?;Horst Hrubesch;;Erich Ribbeck;;Werner Lorant;;Andreas Brehme;;;;
Tiere und Pflanzen;Welche Tiere werden auch als Haftzeher bezeichnet?;;Geckos;;Leguane;;Warane;;Krokodile;;;;
Spiel / Freizeit / Hobby;Wobei handelt es sich um eine Setzmöglichkeit;beim Roulette?;Cheval;;Vache;;Cochon;;Mouton;;;;
Essen und Trinken;Einen niederländischen Getreidebranntwein;mit Wacholderaroma kennt man als ...?;Genever;;Aquavit;;Calvados;;Meskal;;;;
Allgemeinwissen;Seit wann leisten Frauen bei der Bundeswehr;Dienst an der Waffe?;2001;;1961;;1981;;1991;;;;
Geografie / Erdkunde;Welche Inselgruppe liegt nicht im Indischen Ozean?;;Aleuten;;Seychellen;;Lakkadiven;;Komoren;;;;
Auto und Verkehr;In welcher norddeutschen Stadt hat das;Kraftfahrt-Bundesamt seinen Hauptsitz?;Flensburg;;Hamburg;;Bremen;;Lübeck;;;;
Geschichte und Politik;Preußen verlor 1806 gegen Napoleon die;Doppelschlacht bei Auerstedt und ...?;Jena;;Leipzig;;Waterloo;;Austerlitz;;;;
Essen und Trinken;Worauf weist die Bezeichnung "Médoc" auf einer;französischen Weinflasche hin?;Herkunftsgebiet;;Rebenverschnitt;;Qualitätsjahrgang;;Kellerlagerung;;;;
Tiere und Pflanzen;Wobei handelt es sich nicht um ein Tier?;;Ringelnatz;;Ringeltaube;;Ringelnatter;;Ringelwurm;;;;
Allgemeinwissen;Wer herumsteht und gafft, der hält ...?;;Maulaffen feil;;Maulschellen feil;;Maulesel feil;;Maultaschen feil;;;;
Fremdwörter;Wie lautet ein anderes Wort für Refrain?;;Kehrreim;;Kehricht;;Kehrwert;;Kehrseite;;;;
Berühmte Personen;Welche weltberühmte Tänzerin starb 1927, als sich;ihr Schal in den Speichen eines Autos verfing?;Isadora Duncan;;Eleonora Duse;;Mata Hari;;Margot Fonteyn;;;;
Allgemeinwissen;Welche tierische Bezeichnung ist;für einen Feigling gebräuchlich?;Hasenfuß;;Affenzahn;;Rattenschwanz;;Eselsohr;;;;
Allgemeinwissen;Was versteht man umgangssprächlich unter;den "dritten Zähnen"?;Zahnersatz;;Milchzähne;;Weisheitszähne;;Zahnspange;;;;
Zitate / Sprichwörter;Was wächst, laut Sprichwort, über eine;unangenehme Sache, die in Vergessenheit gerät?;Gras;;Haare;;Kraut;;Mist;;;;
Computertechnik und Internet;Die gezielte oder wahllose Informationssuche;im Internet nennt man ...?;Surfen;;Biken;;Raften;;Skaten;;;;
Wirtschaft;Wie bezeichnet man bei einem Kreditinstitut;hinterlegte Wertpapiere?;Depot;;Reservoir;;Box;;Magazin;;;;
Film / Funk und Fernsehen;in welcher der folgenden Kategorien;wird kein "Oscar" vergeben?;Bester Filmkuss;;Beste Musik;;Bestes Kostüm;;Beste Regie;;;;
Musik;Wer taucht nicht im musikalischen Märchen;"Peter und der Wolf" von Sergej Prokofjew auf?;Wildschwein;;Jäger;;Vogel;;Großvater;;;;
Geschichte und Politik;Welcher dieser Politiker hatte die längste;Amtszeit als britischer Premierminister?;Margaret Thatcher;;John Major;;Harold Macmillan;;Winston Churchill;;;;
Natur und Umwelt;Wie nennt man einen schmalen Wasserlauf im Watt?;;Priel;;Sunil;;Persil;;Ariel;;;;
Allgemeinwissen;Welche Schreibweise lässt die;"Neue Rechtschreibregelung" nicht zu?;Katastrofe;;Majonäse;;Ketschup;;Portmonee;;;;
Fremdwörter;Welcher Begriff bezeichnet das Ausscheiden eines;Universitätsprofessors aus dem Lehrbetrieb?;Emeritierung;;Emigration;;Emanzipation;;Emission;;;;
Literatur;Ein Roman von Gustave Flaubert trägt;den Titel "Madame ..."?;Bovary;;Butterfly;;Pompadour;;Béarnaise;;;;
Naturwissenschaft;Was interessiert den Literaturwissenschaftler;ebenso wie den Mathematiker?;Parabel;;Novelle;;Logarithmus;;Exponentialfunktion;;;;
Film / Funk und Fernsehen;Steven Spielberg inszenierte 1977 den Film;"Unheimliche Begegnung der ..."?;dritten Art;;netten Art;;Mundart;;feinen englischen Art;;;;
Sport;Welcher Kabarettist blickt auf 15 Jahre Erfahrung;als Boxkampfrichter zurück?;Werner Schneyder;;Dieter Hildebrandt;;Mathias Richling;;Hanns Dieter Hüsch;;;;
Allgemeinwissen;Wie nannte man früher den Hausmeister einer Schule?;;Pedell;;Pedant;;Pedal;;Petrell;;;;
Essen und Trinken;Welcher der folgenden Begriffe bezeichnet;einen französischen Weißwein?;Chablis;;Cassata;;Chaise;;Carignan;;;;
Musik;Wie heißt der musikalische Leiter der "Lonely Hearts;Club Band" im gleichnamigen Beatles-Song?;Sergeant Pepper;;General Salt;;Marshall Milk;;Inspector Sugar;;;;
Medizin;Oculus ist die anatomische Bezeichnung;für welches Organ?;Auge;;Ohr;;Zunge;;Lunge;;;;
Tiere und Pflanzen;Welches Tier nennt der Biologe auch "Zuckergast"?;;Silberfischchen;;Gartenschnecke;;Wespe;;Fruchtfliege;;;;
Allgemeinwissen;Was ist eine Kardätsche?;;Pferdebürste;;Gartenhäuschen;;Kutsche;;Füllerpatrone;;;;
Geschichte und Politik;Wer wurde 1990 Sonderbeauftragter der;Bundesregierung für die Stasi-Akten?;Joachim Gauck;;Günter Guillaume;;Lothar Bisky;;Gregor Gysi;;;;
Sport;Wer gewann 1964 und 1968 olympisches Gold in;der Dressur-Mannschaftswertung?;Josef Neckermann;;Michael Otto;;Bruno Bader;;Friedrich Wenz;;;;
Film / Funk und Fernsehen;Wer spielt im Film "Winnetou und das Halbblut;Apanatschi" die weibliche Hauptrolle?;Uschi Glas;;Iris Berben;;Marianne Koch;;Judy Winter;;;;
Medizin;Woraus bestehen Gallensteine hauptsächlich?;;Cholesterin;;Kohlenhydrate;;rote Blutkörperchen;;Ascorbinsäure;;;;
Essen und Trinken;Was erhält man, wenn man in einem indonesischen;Restaurant Kroepoek bestellt?;Krabbenmehlchips;;Reispudding;;Rindfleischspieße;;Lycheekompott;;;;
Geografie / Erdkunde;Welcher Fluß fließt durch Weimar?;;Ilm;;Ilz;;Inn;;Ill;;;;
Medizin;Das erste Gebiss des Menschen bezeichnet man als ...?;;Milchzähne;;Nuckelpinne;;Breischleuse;;Saftbeißer;;;;
Zitate / Sprichwörter;Ist jemand verlegen, steht er da wie ein ...?;;begossener Pudel;;getränkter Pinscher;;bespritzter Teckel;;getauchter Dackel;;;;
Film / Funk und Fernsehen;Welcher deutsche Schauspieler wäre am 07.03.2002;100 Jahre alt geworden?;H. Rühmann;;C. Jürgens;;T. Lingen;;J. Heesters;;;;
Zitate / Sprichwörter;Einen schlecht geführten Betrieb nennt man;umgangssprachlich auch ...?;Saftladen;;Brausegeschäft;;Milchhandlung;;Limonadenbasar;;;;
Fremdwörter;Was ist Lactose?;;Milchzucker;;Traubenzucker;;Fruchtzucker;;Rohrzucker;;;;
Erfindungen und Entdeckungen;Welche Frucht "entdeckte" Christoph Kolumbus;1493 auf der Insel Guadeloupe?;Ananas;;Granatapfel;;Nektarine;;Zitrone;;;;
Tiere und Pflanzen;Was gehört nicht zu den Buchengewächsen?;;Hainbuche;;Rotbuche;;Eiche;;Edelkastanie;;;;
Religion und Philosophie;Worauf standen die Zehn Gebote geschrieben, die;Gott Moses auf dem Berg Sinai offenbarte?;Steintafeln;;Leinwand;;Papyrusrolle;;Lehmziegel;;;;
Tiere und Pflanzen;Welches Tier gibt es nicht?;;Kreischwurm;;Brüllaffe;;Lachmöwe;;Schreiadler;;;;
Fremdwörter;Was bedeutet das Motto "Divide et impera!"?;;Teile und herrsche;;Geben und nehmen;;Nutze den Tag;;Brot und Spiele;;;;
Völkerkunde;Was bedeutet die Vorsilbe Mac in;schottischen Familiennamen?;Sohn;;Vater;;Bruder;;Onkel;;;;
Tiere und Pflanzen;Wobei handelt es sich um einen Jagdhund?;;Spaniel;;Italiel;;Belgiel;;Bulgariel;;;;
Musik;Welche Schlagersängerin ist seit ihrer Heirat;eine Freifrau von Ruffin?;Vicky Leandros;;Claudia Jung;;Mary Roos;;Ireen Sheer;;;;
Sport;Die beiden boxenden Brüder Wladimir;und Vitali Klitschko sind ...?;Ukrainer;;Polen;;Russen;;Slowaken;;;;
Kultur und Kunst;In welchem Takt wird Tango getanzt?;;2/4;;3/4;;6/8;;5/8;;;;
Kultur und Kunst;Was bezeichnet man beim Zirkus als "Chapiteau"?;;Zelt;;Raubtierkäfig;;Manegeneingang;;Quartier des Direktors;;;;
Literatur;"Es war einmal ein Müller, der war arm, aber er hatte;eine schöne Tochter" - so beginnt das Märchen ...?;Rumpelstilzchen;;Rapunzel;;Aschenputtel;;Der Froschkönig;;;;
Wirtschaft;Der Nickei ist ein Aktienindex welches Landes?;;Japan;;China;;Indien;;Taiwan;;;;
Völkerkunde;Welches Symbol ist auf der indischen Staatsflagge;zu sehen?;Rad;;Elefant;;Reispflanze;;Laute;;;;
Tiere und Pflanzen;Welcher Vogel baut Höhlen?;;Specht;;Kuckuck;;Falke;;Krähe;;;;
Allgemeinwissen;Wie heißt der lateinische Begriff für ein Hauptwort?;;Substantiv;;Objekt;;Subjekt;;Verb;;;;
Tiere und Pflanzen;Wo wächst die Vogelbeere?;;auf der Eberesche;;auf der Tanne;;auf dem Storchenkraut;;auf der Vogelmiere;;;;
Kultur und Kunst;Wie lang sind die Sandwürmer in dem Film;"Der Wüstenplanet"?;500 Meter;;7 Meter;;70 Meter;;700 Meter;;;;
Geografie / Erdkunde;Wie heißt die zweitgrößte Insel der Balearen?;;Menorca;;Formentera;;Ibiza;;Fuerteventura;;;;
Auto und Verkehr;Wieviel Prozent der ursprünglichen Wassermenge nimmt;ein Reifen mit 1,6 mm Profiltiefe auf?;14 %;;49 %;;25 %;;66 %;;;;
Allgemeinwissen;Wie nennt man den in einer Glocke angebrachten Stab,;der diese zum Klingen bringt?;Klöppel;;Dengel;;Stängel;;Bimmel;;;;
Allgemeinwissen;Welche Farbe hat der Zwanzig-Euro-Schein?;;blau;;grau;;rot;;grün;;;;
Film / Funk und Fernsehen;In welchem Film betreten zahlende Neugierige;das Hirn eines Hollywoodstars?;Being John Malkovich;;Being Tom Cruise;;Being Robert De Niro;;Being Cary Grant;;;;
Auto und Verkehr;Welcher Motor treibt Autos an?;;Boxermotor;;Dackelmotor;;Pinschermotor;;Schnauzermotor;;;;
Musik;Für das Klavier komponierte Musorgski;die berühmten "Bilder einer ..."?;Ausstellung;;Wanderdüne;;Sommernacht;;Zarenfamilie;;;;
Film / Funk und Fernsehen;Wer war 1958 in dem gleichnamigen Film;"Der eiserne Gustav"?;Heinz Rühmann;;Rudolf Platte;;Gert Fröbe;;Hans Albers;;;;
Essen und Trinken;Was ist Zucker chemisch betrachtet?;;Kohlenhydrat;;Eiweiß;;Fett;;Alkohol;;;;
Geografie / Erdkunde;Welches ist ein Landkreis in Sachsen-Anhalt?;;Jerichower Land;;Kairower Land;;Beiruther Land;;Ismirer Land;;;;
Auto und Verkehr;Was trifft auf moderne Handschaltgetriebe;in Autos in jedem Fall zu?;sie sind synchronisiert;;sie haben Untertitel;;sie sind schwarz-weiß;;sie haben 2-Kanal-Ton;;;;
